fuente,modo,N_12CO_cm2,chi2_min,M_gas_Msun,X_iso,Tkin_K,n_H2_cm3,F_mod_12CO_2-1,tau_12CO_2-1,Tex_12CO_2-1_K,F_mod_13CO_2-1,tau_13CO_2-1,Tex_13CO_2-1_K,F_mod_12CO_1-0,tau_12CO_1-0,Tex_12CO_1-0_K,F_mod_13CO_1-0,tau_13CO_1-0,Tex_13CO_1-0_K
IRAS_06531,B,9.426684551178854e+16,17.272245661236404,0.002212116828983784,34.0,338.59258987785967,100000.0,58.130723725020644,0.000977730886707709,894.1402099780098,1.4111304980690456,2.9464391328064647e-05,788.1460212003925,,,,,,
IRAS_07145,B,8.886238162743408e+16,0.0074722701963485854,0.026108853600824915,34.0,5.000000000000001,100000.0,38.328204608191314,0.6462254982467653,4.9266406639722415,1.4470088033080273,0.019041878446557553,4.9067693915961685,,,,,,
IRAS_07180,B,3.8881551803080696e+16,10.809107115902933,0.0009075186520042695,13.0,4.520361584684587,100000.0,12.265389090699028,0.6177623905564112,4.461738524076182,1.1964712865771183,0.04793599034579338,4.448805552003764,,,,,,
IRAS_08500,B,2.8942661247167635e+17,0.004756789664751441,0.06566249840978451,13.0,9.156952835855764,100000.0,157.25378725941928,3.7358438830989527,9.108182250815014,35.98420150190279,0.28295695769842794,8.929126251117127,,,,,,
V510_Pup,B,1.0608183551394483e+17,0.08688651760860411,0.0008921096443848225,12.13,8.794927135844057,100000.0,178.40148736440094,0.10051871128239248,8.518859789476076,14.029188394698718,0.007995875585498507,8.535171073434528,,,,,,
RV_Aqr,B,4.375479375074198e+17,11.968885266461903,0.07647374972584338,13.0,148.09604239690748,100000.0,,,,,,,145.27060328383152,0.016910842275349783,212.24636312635423,9.726511942034216,0.0012370946706332835,210.84057092110126
RZ_Sgr,B,3.665241237079641e+17,0.018287422828379682,0.007710427575767487,26.0,7.484405679222484,100000.0,,,,,,,71.02220295645436,7.384686609988752,7.472550905976028,15.384325621576908,0.26705528183762484,7.474955038151707
UU_For,B,2.8942661247167635e+17,1.3667935838822465,0.04337678948909571,13.0,265.8061714595282,100000.0,,,,,,,59.46637708710406,0.0025458737411190482,621.7263982320591,3.873396335413469,0.00019656757079486423,573.4051928074564
R_Hor,B,1.3433993325988987e+17,27.753546935337305,0.002568983432784126,13.0,145.1389868574591,100000.0,,,,,,,38.20806926199181,0.009988541595321197,209.09130412002682,2.5056149348869106,0.0007272706334635392,205.09554344331795
